{"cameraMode":{"drawMode":0,"name":"Shaded","section":"Shading Mode"},"sceneLighting":true,"audioPlay":false,"sceneViewState":{"showFog":true,"showMaterialUpdate":false,"showSkybox":true,"showFlares":true,"showImageEffects":true,"showParticleSystems":true},"in2DMode":false,"pivot":{"x":8.621341705322266,"y":-6.329067230224609,"z":26.761280059814454},"rotation":{"x":0.16172176599502564,"y":0.19981515407562257,"z":-0.03344311937689781,"w":0.9658499360084534},"size":20.038856506347658,"orthographic":false}