{"cameraMode":{"drawMode":0,"name":"Shaded","section":"Shading Mode"},"sceneLighting":true,"audioPlay":false,"sceneViewState":{"showFog":true,"showMaterialUpdate":false,"showSkybox":false,"showFlares":true,"showImageEffects":true,"showParticleSystems":true},"in2DMode":false,"pivot":{"x":2.450709342956543,"y":5.4985833168029789,"z":-1.9759595394134522},"rotation":{"x":0.4063839912414551,"y":0.007675729226320982,"z":-0.003408692544326186,"w":0.9136841893196106},"size":2.0608198642730715,"orthographic":false}